Visitor/Neutral,PTS,Home/Neutral,PTS,WIN
Boston Celtics,99,Cleveland Cavaliers,102,H
Houston Rockets,122,Golden State Warriors,121,V
Milwaukee Bucks,108,Boston Celtics,100,V
Atlanta Hawks,117,Dallas Mavericks,111,V
Charlotte Hornets,90,Detroit Pistons,102,H
Brooklyn Nets,131,Indiana Pacers,140,H
New Orleans Pelicans,91,Memphis Grizzlies,103,H
Miami Heat,109,Orlando Magic,116,H
Portland Trail Blazers,124,Phoenix Suns,76,V
Houston Rockets,105,Sacramento Kings,100,V
Minnesota Timberwolves,99,San Antonio Spurs,107,H
Denver Nuggets,96,Utah Jazz,106,H
Philadelphia 76ers,115,Washington Wizards,120,H
Los Angeles Clippers,108,Los Angeles Lakers,92,V
New York Knicks,84,Oklahoma City Thunder,105,H
Chicago Bulls,100,Toronto Raptors,117,H
Orlando Magic,121,Brooklyn Nets,126,H
Atlanta Hawks,91,Charlotte Hornets,109,H
Sacramento Kings,93,Dallas Mavericks,88,V
Portland Trail Blazers,114,Indiana Pacers,96,V
Cleveland Cavaliers,116,Milwaukee Bucks,97,V
Utah Jazz,97,Minnesota Timberwolves,100,H
Golden State Warriors,128,New Orleans Pelicans,120,V
Boston Celtics,102,Philadelphia 76ers,92,V
Los Angeles Lakers,132,Phoenix Suns,130,V
Detroit Pistons,111,Washington Wizards,115,H
San Antonio Spurs,87,Chicago Bulls,77,V
Orlando Magic,114,Cleveland Cavaliers,93,V
Sacramento Kings,79,Denver Nuggets,96,H
Dallas Mavericks,91,Houston Rockets,107,H
Phoenix Suns,88,Los Angeles Clippers,130,H
Golden State Warriors,101,Memphis Grizzlies,111,H
Indiana Pacers,108,Miami Heat,112,H
Portland Trail Blazers,110,Milwaukee Bucks,113,H
Detroit Pistons,111,New York Knicks,107,V
Philadelphia 76ers,94,Toronto Raptors,128,H
Oklahoma City Thunder,87,Utah Jazz,96,H
Atlanta Hawks,104,Brooklyn Nets,116,H
New Orleans Pelicans,119,Los Angeles Lakers,112,V
Minnesota Timberwolves,115,Oklahoma City Thunder,113,V
Golden State Warriors,133,Dallas Mavericks,103,V
Washington Wizards,109,Denver Nuggets,104,V
Philadelphia 76ers,97,Detroit Pistons,86,V
Memphis Grizzlies,98,Houston Rockets,90,V
Atlanta Hawks,93,Miami Heat,104,H
Charlotte Hornets,94,Milwaukee Bucks,103,H
Sacramento Kings,115,Phoenix Suns,117,H
Toronto Raptors,97,San Antonio Spurs,101,H
New York Knicks,89,Boston Celtics,110,H
Chicago Bulls,112,Cleveland Cavaliers,119,H
Utah Jazz,84,Los Angeles Clippers,102,H
Indiana Pacers,130,Minnesota Timberwolves,107,V
Brooklyn Nets,121,Orlando Magic,125,H
New Orleans Pelicans,93,Portland Trail Blazers,103,H
Cleveland Cavaliers,107,Brooklyn Nets,112,H
Denver Nuggets,93,Charlotte Hornets,110,H
Memphis Grizzlies,94,Dallas Mavericks,103,H
Minnesota Timberwolves,101,Detroit Pistons,122,H
Toronto Raptors,112,Golden State Warriors,117,H
Washington Wizards,99,Los Angeles Lakers,102,H
San Antonio Spurs,117,Miami Heat,100,V
Indiana Pacers,96,Oklahoma City Thunder,114,H
Houston Rockets,105,Philadelphia 76ers,104,V
Utah Jazz,88,Phoenix Suns,97,H
Atlanta Hawks,86,Chicago Bulls,91,H
Dallas Mavericks,91,Memphis Grizzlies,96,H
Boston Celtics,96,Milwaukee Bucks,89,V
Los Angeles Clippers,104,Portland Trail Blazers,103,V
New Orleans Pelicans,114,Sacramento Kings,106,V
Denver Nuggets,105,Atlanta Hawks,100,V
Houston Rockets,109,Charlotte Hornets,93,V
Washington Wizards,117,Golden State Warriors,120,H
Toronto Raptors,101,Los Angeles Lakers,92,V
Oklahoma City Thunder,116,Minnesota Timberwolves,119,H
Brooklyn Nets,86,New York Knicks,107,H
San Antonio Spurs,87,Orlando Magic,114,H
Oklahoma City Thunder,101,Chicago Bulls,69,V
Philadelphia 76ers,112,Dallas Mavericks,110,V
Detroit Pistons,95,Los Angeles Clippers,87,V
Houston Rockets,89,Memphis Grizzlies,103,H
Boston Celtics,96,Miami Heat,90,V
Cleveland Cavaliers,101,New Orleans Pelicans,123,H
Phoenix Suns,107,Portland Trail Blazers,114,H
Los Angeles Lakers,81,Utah Jazz,96,H
Milwaukee Bucks,117,Atlanta Hawks,106,V
Denver Nuggets,124,Brooklyn Nets,111,V
Orlando Magic,113,Charlotte Hornets,120,H
New York Knicks,114,Cleveland Cavaliers,95,V
Detroit Pistons,115,Golden State Warriors,107,V
San Antonio Spurs,94,Indiana Pacers,97,H
Washington Wizards,110,Sacramento Kings,83,V
San Antonio Spurs,94,Boston Celtics,108,H
Philadelphia 76ers,115,Houston Rockets,107,V
Golden State Warriors,141,Los Angeles Clippers,113,V
Charlotte Hornets,104,Memphis Grizzlies,99,V
Minnesota Timberwolves,125,Miami Heat,122,V
Orlando Magic,115,New Orleans Pelicans,99,V
Denver Nuggets,110,New York Knicks,116,H
Toronto Raptors,99,Portland Trail Blazers,85,V
Dallas Mavericks,89,Utah Jazz,104,H
Phoenix Suns,122,Brooklyn Nets,114,V
Sacramento Kings,83,Indiana Pacers,101,H
Detroit Pistons,93,Los Angeles Lakers,113,H
Oklahoma City Thunder,110,Milwaukee Bucks,91,V
Sacramento Kings,86,Boston Celtics,113,H
Milwaukee Bucks,121,Charlotte Hornets,126,H
Indiana Pacers,124,Cleveland Cavaliers,107,V
Toronto Raptors,111,Denver Nuggets,129,H
Dallas Mavericks,98,Los Angeles Clippers,119,H
Orlando Magic,101,Memphis Grizzlies,99,V
Chicago Bulls,91,Miami Heat,97,H
Minnesota Timberwolves,104,New Orleans Pelicans,98,V
Houston Rockets,119,New York Knicks,97,V
Atlanta Hawks,109,Philadelphia 76ers,119,H
Portland Trail Blazers,103,Utah Jazz,112,H
Phoenix Suns,122,Washington Wizards,116,V
Los Angeles Lakers,110,Portland Trail Blazers,113,H
Golden State Warriors,112,San Antonio Spurs,92,V
Houston Rockets,119,Atlanta Hawks,104,V
New Orleans Pelicans,99,Dallas Mavericks,94,V
Miami Heat,94,Denver Nuggets,95,H
Milwaukee Bucks,96,Detroit Pistons,105,H
Brooklyn Nets,112,Los Angeles Lakers,124,H
Phoenix Suns,107,New York Knicks,120,H
Boston Celtics,101,Oklahoma City Thunder,94,V
Chicago Bulls,105,Orlando Magic,83,V
Indiana Pacers,110,Philadelphia 76ers,121,H
Charlotte Hornets,101,San Antonio Spurs,108,H
Toronto Raptors,109,Utah Jazz,100,V
Cleveland Cavaliers,130,Washington Wizards,122,V
New Orleans Pelicans,96,Chicago Bulls,90,V
Golden State Warriors,127,Denver Nuggets,108,V
Sacramento Kings,99,Detroit Pistons,108,H
Memphis Grizzlies,113,Los Angeles Clippers,104,V
Dallas Mavericks,99,Minnesota Timberwolves,112,H
Atlanta Hawks,117,Cleveland Cavaliers,115,V
Utah Jazz,110,Houston Rockets,137,H
Miami Heat,104,Los Angeles Clippers,101,V
Memphis Grizzlies,102,Los Angeles Lakers,107,H
Charlotte Hornets,94,Minnesota Timberwolves,112,H
Indiana Pacers,101,New York Knicks,108,H
Boston Celtics,104,Orlando Magic,88,V
Oklahoma City Thunder,99,Portland Trail Blazers,103,H
Phoenix Suns,95,San Antonio Spurs,112,H
Washington Wizards,107,Toronto Raptors,96,V
Boston Celtics,110,Atlanta Hawks,107,V
Miami Heat,80,Golden State Warriors,97,H
Brooklyn Nets,98,Phoenix Suns,92,V
Milwaukee Bucks,119,Cleveland Cavaliers,124,H
Brooklyn Nets,104,Denver Nuggets,112,H
New Orleans Pelicans,117,Indiana Pacers,112,V
Charlotte Hornets,113,New York Knicks,118,H
Memphis Grizzlies,98,Portland Trail Blazers,97,V
Oklahoma City Thunder,86,Sacramento Kings,94,H
Los Angeles Clippers,107,San Antonio Spurs,120,H
Chicago Bulls,114,Toronto Raptors,119,H
Philadelphia 76ers,104,Utah Jazz,97,V
Dallas Mavericks,113,Washington Wizards,99,V
Los Angeles Lakers,96,Boston Celtics,107,H
Indiana Pacers,97,Detroit Pistons,114,H
Minnesota Timberwolves,101,Golden State Warriors,125,H
New York Knicks,99,Orlando Magic,112,H
Miami Heat,126,Phoenix Suns,115,V
Oklahoma City Thunder,94,Denver Nuggets,102,H
Cleveland Cavaliers,113,Houston Rockets,117,H
Philadelphia 76ers,108,Sacramento Kings,109,H
New Orleans Pelicans,118,Toronto Raptors,122,H
Los Angeles Lakers,95,Washington Wizards,111,H
Charlotte Hornets,87,Boston Celtics,90,H
Indiana Pacers,105,Chicago Bulls,87,V
Atlanta Hawks,104,Detroit Pistons,111,H
Los Angeles Clippers,111,Oklahoma City Thunder,120,H
Orlando Magic,128,Phoenix Suns,112,V
Brooklyn Nets,101,Portland Trail Blazers,97,V
Milwaukee Bucks,94,San Antonio Spurs,87,V
Miami Heat,84,Utah Jazz,74,V
Cleveland Cavaliers,111,Dallas Mavericks,104,V
Orlando Magic,107,Denver Nuggets,125,H
Philadelphia 76ers,114,Golden State Warriors,135,H
Memphis Grizzlies,96,Houston Rockets,111,H
Los Angeles Lakers,90,Milwaukee Bucks,98,H
Los Angeles Clippers,103,New Orleans Pelicans,111,H
Sacramento Kings,91,New York Knicks,118,H
Minnesota Timberwolves,110,Phoenix Suns,118,H
Chicago Bulls,94,San Antonio Spurs,133,H
Brooklyn Nets,106,Utah Jazz,114,H
Atlanta Hawks,94,Washington Wizards,113,H
Toronto Raptors,94,Boston Celtics,95,H
Miami Heat,103,Detroit Pistons,112,H
Houston Rockets,118,Indiana Pacers,95,V
Dallas Mavericks,99,Oklahoma City Thunder,112,H
Orlando Magic,100,Golden State Warriors,110,H
Philadelphia 76ers,109,Los Angeles Clippers,105,V
Memphis Grizzlies,103,Milwaukee Bucks,110,H
Atlanta Hawks,105,New Orleans Pelicans,106,H
Cleveland Cavaliers,104,New York Knicks,101,V
Los Angeles Lakers,100,Phoenix Suns,93,V
Denver Nuggets,82,Portland Trail Blazers,99,H
Minnesota Timberwolves,109,Utah Jazz,98,V
Sacramento Kings,92,Washington Wizards,110,H
Boston Celtics,109,Brooklyn Nets,102,V
San Antonio Spurs,97,Dallas Mavericks,91,V
Toronto Raptors,129,Houston Rockets,113,V
Sacramento Kings,80,Atlanta Hawks,126,H
Cleveland Cavaliers,115,Charlotte Hornets,107,V
Philadelphia 76ers,115,Los Angeles Lakers,109,V
Indiana Pacers,116,Memphis Grizzlies,113,V
Washington Wizards,102,Miami Heat,93,V
Detroit Pistons,95,Milwaukee Bucks,99,H
San Antonio Spurs,86,Minnesota Timberwolves,98,H
Toronto Raptors,125,New Orleans Pelicans,116,V
Utah Jazz,101,New York Knicks,106,H
Chicago Bulls,79,Oklahoma City Thunder,92,H
Orlando Magic,94,Portland Trail Blazers,99,H
Golden State Warriors,88,Boston Celtics,92,H
Houston Rockets,142,Phoenix Suns,116,V
Utah Jazz,107,Brooklyn Nets,118,H
Charlotte Hornets,120,Chicago Bulls,123,H
Los Angeles Clippers,113,Cleveland Cavaliers,118,H
Minnesota Timberwolves,111,Dallas Mavericks,87,V
New Orleans Pelicans,114,Denver Nuggets,146,H
Detroit Pistons,100,Indiana Pacers,107,H
Phoenix Suns,122,Los Angeles Lakers,113,V
Portland Trail Blazers,82,Sacramento Kings,86,H
Oklahoma City Thunder,101,San Antonio Spurs,104,H
New York Knicks,84,Toronto Raptors,107,H
Miami Heat,91,Washington Wizards,88,V
Boston Celtics,110,Atlanta Hawks,99,V
Los Angeles Clippers,87,Charlotte Hornets,102,H
Milwaukee Bucks,79,Dallas Mavericks,111,H
Houston Rockets,105,Memphis Grizzlies,83,V
Utah Jazz,125,Orlando Magic,85,V
Golden State Warriors,124,Philadelphia 76ers,116,V
Sacramento Kings,90,Portland Trail Blazers,102,H
Golden State Warriors,118,Brooklyn Nets,111,V
Denver Nuggets,109,Los Angeles Lakers,127,H
Indiana Pacers,120,Miami Heat,95,V
Detroit Pistons,100,Minnesota Timberwolves,97,V
Chicago Bulls,105,Phoenix Suns,113,H
Washington Wizards,91,Toronto Raptors,100,H
Minnesota Timberwolves,102,Charlotte Hornets,118,H
Boston Celtics,110,Dallas Mavericks,102,V
Cleveland Cavaliers,116,Detroit Pistons,88,V
Portland Trail Blazers,100,Memphis Grizzlies,92,V
Washington Wizards,99,Milwaukee Bucks,88,V
Oklahoma City Thunder,107,New Orleans Pelicans,114,H
Los Angeles Clippers,85,New York Knicks,107,H
Indiana Pacers,105,Orlando Magic,97,V
Utah Jazz,86,Philadelphia 76ers,107,H
Denver Nuggets,114,Sacramento Kings,98,V
Atlanta Hawks,85,San Antonio Spurs,96,H
Chicago Bulls,94,Los Angeles Lakers,103,H
Los Angeles Clippers,116,Atlanta Hawks,103,V
Washington Wizards,124,Charlotte Hornets,129,H
Brooklyn Nets,109,Cleveland Cavaliers,119,H
Denver Nuggets,95,Houston Rockets,125,H
Dallas Mavericks,95,Memphis Grizzlies,94,V
Boston Celtics,98,Miami Heat,104,H
Orlando Magic,118,Minnesota Timberwolves,124,H
San Antonio Spurs,90,New Orleans Pelicans,107,H
Toronto Raptors,100,New York Knicks,108,H
Golden State Warriors,91,Oklahoma City Thunder,108,H
Portland Trail Blazers,81,Philadelphia 76ers,101,H
Milwaukee Bucks,113,Phoenix Suns,107,V
Los Angeles Lakers,102,Sacramento Kings,113,H
Chicago Bulls,80,Utah Jazz,110,H
New York Knicks,104,Atlanta Hawks,116,H
Orlando Magic,103,Boston Celtics,118,H
Portland Trail Blazers,127,Brooklyn Nets,125,V
Charlotte Hornets,99,Cleveland Cavaliers,100,H
Memphis Grizzlies,92,Denver Nuggets,104,H
Chicago Bulls,94,Golden State Warriors,143,H
Toronto Raptors,104,Indiana Pacers,107,H
Miami Heat,109,Minnesota Timberwolves,97,V
Detroit Pistons,99,Oklahoma City Thunder,98,V
New Orleans Pelicans,115,Phoenix Suns,91,V
Toronto Raptors,112,Atlanta Hawks,78,V
San Antonio Spurs,106,Charlotte Hornets,86,V
Oklahoma City Thunder,81,Dallas Mavericks,97,H
New Orleans Pelicans,95,Golden State Warriors,110,H
New York Knicks,102,Houston Rockets,117,H
Boston Celtics,108,Indiana Pacers,98,V
Orlando Magic,111,Philadelphia 76ers,130,H
Los Angeles Clippers,97,Sacramento Kings,95,V
Milwaukee Bucks,108,Utah Jazz,121,H
Portland Trail Blazers,108,Washington Wizards,105,V
Miami Heat,100,Chicago Bulls,93,V
Brooklyn Nets,98,Memphis Grizzlies,88,V
Phoenix Suns,108,Minnesota Timberwolves,119,H
Detroit Pistons,118,Boston Celtics,108,V
Sacramento Kings,110,Golden State Warriors,106,V
Brooklyn Nets,103,Houston Rockets,117,H
Orlando Magic,109,Indiana Pacers,121,H
Los Angeles Lakers,115,Los Angeles Clippers,120,H
Portland Trail Blazers,103,New York Knicks,91,V
Cleveland Cavaliers,113,Philadelphia 76ers,91,V
Dallas Mavericks,108,San Antonio Spurs,115,H
Phoenix Suns,104,Chicago Bulls,99,V
Miami Heat,97,Cleveland Cavaliers,108,H
Washington Wizards,92,Minnesota Timberwolves,89,V
Milwaukee Bucks,112,Sacramento Kings,87,V
Denver Nuggets,77,Utah Jazz,106,H
Brooklyn Nets,109,Dallas Mavericks,104,V
Phoenix Suns,107,Detroit Pistons,131,H
Indiana Pacers,97,Houston Rockets,118,H
Golden State Warriors,127,Los Angeles Lakers,123,V
Minnesota Timberwolves,120,New Orleans Pelicans,102,V
Miami Heat,86,New York Knicks,115,H
Oklahoma City Thunder,108,Orlando Magic,121,H
Washington Wizards,113,Philadelphia 76ers,118,H
Memphis Grizzlies,95,San Antonio Spurs,104,H
Charlotte Hornets,113,Toronto Raptors,126,H
Cleveland Cavaliers,121,Atlanta Hawks,114,V
Philadelphia 76ers,97,Boston Celtics,108,H
Chicago Bulls,110,Denver Nuggets,111,H
Utah Jazz,126,Los Angeles Clippers,107,V
Milwaukee Bucks,103,Portland Trail Blazers,91,V
Sacramento Kings,107,Chicago Bulls,106,V
San Antonio Spurs,95,Memphis Grizzlies,79,V
Charlotte Hornets,100,Miami Heat,105,H
Minnesota Timberwolves,107,Oklahoma City Thunder,111,H
Golden State Warriors,133,Orlando Magic,112,V
Indiana Pacers,115,Toronto Raptors,120,H
New Orleans Pelicans,108,Utah Jazz,114,H
Detroit Pistons,91,Washington Wizards,109,H
Phoenix Suns,111,Boston Celtics,116,H
Atlanta Hawks,114,Brooklyn Nets,102,V
Memphis Grizzlies,111,Cleveland Cavaliers,116,H
Los Angeles Clippers,82,Dallas Mavericks,108,H
Los Angeles Lakers,100,Denver Nuggets,115,H
Sacramento Kings,104,Milwaukee Bucks,109,H
Detroit Pistons,103,Philadelphia 76ers,108,H
New Orleans Pelicans,123,Portland Trail Blazers,116,V
Houston Rockets,118,Los Angeles Lakers,95,V
Golden State Warriors,123,Miami Heat,95,V
Los Angeles Clippers,106,Minnesota Timberwolves,112,H
Orlando Magic,105,New York Knicks,100,V
San Antonio Spurs,87,Oklahoma City Thunder,90,H
Brooklyn Nets,110,Atlanta Hawks,90,V
Milwaukee Bucks,100,Boston Celtics,111,H
Cleveland Cavaliers,113,Chicago Bulls,91,V
Orlando Magic,94,Charlotte Hornets,104,H
Denver Nuggets,105,Dallas Mavericks,122,H
New York Knicks,97,Indiana Pacers,115,H
Minnesota Timberwolves,92,Memphis Grizzlies,95,H
Golden State Warriors,125,New Orleans Pelicans,115,V
Phoenix Suns,115,Philadelphia 76ers,101,V
Detroit Pistons,93,San Antonio Spurs,96,H
Washington Wizards,69,Utah Jazz,116,H
Utah Jazz,94,Oklahoma City Thunder,100,H
Washington Wizards,106,Portland Trail Blazers,92,V
Phoenix Suns,113,Toronto Raptors,126,H
Dallas Mavericks,90,Boston Celtics,97,H
Golden State Warriors,101,Charlotte Hornets,87,V
Sacramento Kings,95,Cleveland Cavaliers,101,H
Chicago Bulls,96,Indiana Pacers,98,H
Minnesota Timberwolves,113,Los Angeles Clippers,107,V
Detroit Pistons,100,Milwaukee Bucks,104,H
Denver Nuggets,114,New Orleans Pelicans,123,H
Memphis Grizzlies,88,New York Knicks,99,H
Atlanta Hawks,106,Orlando Magic,110,H
Miami Heat,105,San Antonio Spurs,117,H
Oklahoma City Thunder,95,Brooklyn Nets,100,H
Los Angeles Lakers,107,Philadelphia 76ers,104,V
Washington Wizards,109,Phoenix Suns,99,V
Houston Rockets,112,Utah Jazz,101,V
Chicago Bulls,119,Charlotte Hornets,111,V
Golden State Warriors,102,Detroit Pistons,98,V
Cleveland Cavaliers,102,Indiana Pacers,106,H
Toronto Raptors,116,Memphis Grizzlies,107,V
Dallas Mavericks,102,Milwaukee Bucks,109,H
Sacramento Kings,116,New Orleans Pelicans,109,V
Denver Nuggets,103,Orlando Magic,89,V
Boston Celtics,102,San Antonio Spurs,105,H
Orlando Magic,110,Atlanta Hawks,117,H
Miami Heat,101,Brooklyn Nets,89,V
New York Knicks,102,Chicago Bulls,104,H
Los Angeles Lakers,110,Charlotte Hornets,99,V
Philadelphia 76ers,98,Cleveland Cavaliers,105,H
Washington Wizards,112,Los Angeles Clippers,113,H
Oklahoma City Thunder,102,Memphis Grizzlies,101,V
Utah Jazz,100,Milwaukee Bucks,117,H
San Antonio Spurs,104,Phoenix Suns,101,V
Houston Rockets,124,Portland Trail Blazers,117,V
Boston Celtics,91,Detroit Pistons,81,V
Denver Nuggets,116,Indiana Pacers,126,H
Dallas Mavericks,92,Minnesota Timberwolves,97,H
Philadelphia 76ers,124,New Orleans Pelicans,131,H
Atlanta Hawks,107,New York Knicks,111,H
Toronto Raptors,102,Sacramento Kings,87,V
Boston Celtics,85,Chicago Bulls,108,H
Portland Trail Blazers,104,Golden State Warriors,111,H
New Orleans Pelicans,123,Houston Rockets,130,H
Toronto Raptors,91,Los Angeles Clippers,96,H
Miami Heat,107,Memphis Grizzlies,82,V
Charlotte Hornets,116,Oklahoma City Thunder,103,V
Washington Wizards,98,Brooklyn Nets,103,H
Atlanta Hawks,114,Cleveland Cavaliers,123,H
San Antonio Spurs,89,Dallas Mavericks,95,H
Denver Nuggets,103,Detroit Pistons,84,V
Philadelphia 76ers,118,Minnesota Timberwolves,112,V
Los Angeles Lakers,109,New York Knicks,113,H
Phoenix Suns,92,Sacramento Kings,99,H
Denver Nuggets,118,Boston Celtics,124,H
Utah Jazz,100,Chicago Bulls,103,H
Charlotte Hornets,96,Houston Rockets,108,H
Oklahoma City Thunder,100,Indiana Pacers,95,V
Portland Trail Blazers,102,Miami Heat,95,V
Milwaukee Bucks,108,New Orleans Pelicans,115,H
Los Angeles Clippers,106,Orlando Magic,95,V
Toronto Raptors,115,Phoenix Suns,109,V
Memphis Grizzlies,87,Washington Wizards,93,H
Detroit Pistons,105,Atlanta Hawks,91,V
New York Knicks,111,Brooklyn Nets,104,V
Los Angeles Lakers,112,Cleveland Cavaliers,121,H
Dallas Mavericks,97,Golden State Warriors,112,H
Sacramento Kings,96,Minnesota Timberwolves,119,H
Utah Jazz,107,Boston Celtics,95,V
Miami Heat,104,Charlotte Hornets,98,V
New Orleans Pelicans,111,Denver Nuggets,117,H
San Antonio Spurs,109,Houston Rockets,124,H
Detroit Pistons,104,Indiana Pacers,98,V
Atlanta Hawks,94,Memphis Grizzlies,96,H
Chicago Bulls,115,Milwaukee Bucks,109,V
Portland Trail Blazers,95,Orlando Magic,88,V
Oklahoma City Thunder,119,Philadelphia 76ers,117,V
Brooklyn Nets,87,Toronto Raptors,120,H
Los Angeles Clippers,91,Washington Wizards,100,H
Portland Trail Blazers,93,Charlotte Hornets,91,V
Utah Jazz,100,Cleveland Cavaliers,109,H
Milwaukee Bucks,111,Houston Rockets,115,H
Boston Celtics,102,Memphis Grizzlies,93,V
Los Angeles Clippers,85,Miami Heat,90,H
Phoenix Suns,108,Minnesota Timberwolves,106,V
Oklahoma City Thunder,96,New York Knicks,111,H
Dallas Mavericks,96,San Antonio Spurs,98,H
Indiana Pacers,109,Brooklyn Nets,97,V
Orlando Magic,110,Detroit Pistons,114,H
Sacramento Kings,93,Toronto Raptors,108,H
Cleveland Cavaliers,106,Washington Wizards,99,V
Miami Heat,104,Atlanta Hawks,110,H
Philadelphia 76ers,115,Chicago Bulls,117,H
New York Knicks,91,Charlotte Hornets,109,H
Phoenix Suns,97,Dallas Mavericks,91,V
Utah Jazz,99,Houston Rockets,120,H
Boston Celtics,112,Indiana Pacers,111,V
Golden State Warriors,116,Los Angeles Lakers,114,V
Portland Trail Blazers,107,Minnesota Timberwolves,108,H
Denver Nuggets,94,Oklahoma City Thunder,95,H
Los Angeles Clippers,91,San Antonio Spurs,109,H
Cleveland Cavaliers,116,Milwaukee Bucks,119,H
Sacramento Kings,101,Philadelphia 76ers,95,V
New Orleans Pelicans,106,Washington Wizards,116,H
Indiana Pacers,105,Atlanta Hawks,95,V
Miami Heat,90,Boston Celtics,89,V
Sacramento Kings,104,Brooklyn Nets,99,V
Orlando Magic,94,Chicago Bulls,112,H
Toronto Raptors,129,Charlotte Hornets,111,V
Detroit Pistons,93,Dallas Mavericks,110,H
Minnesota Timberwolves,112,Denver Nuggets,104,V
Memphis Grizzlies,84,Golden State Warriors,97,H
Los Angeles Lakers,122,Houston Rockets,116,V
Phoenix Suns,95,Los Angeles Clippers,108,H
Utah Jazz,79,Oklahoma City Thunder,107,H
San Antonio Spurs,93,Portland Trail Blazers,91,V
Chicago Bulls,112,Cleveland Cavaliers,115,H
Boston Celtics,93,New York Knicks,102,H
Toronto Raptors,114,Philadelphia 76ers,109,V
Memphis Grizzlies,95,Phoenix Suns,97,H
San Antonio Spurs,89,Utah Jazz,100,H
Washington Wizards,84,Brooklyn Nets,119,H
New York Knicks,101,Detroit Pistons,104,H
Los Angeles Lakers,106,Golden State Warriors,113,H
Los Angeles Clippers,128,Houston Rockets,118,V
Dallas Mavericks,101,Miami Heat,113,H
Charlotte Hornets,104,Milwaukee Bucks,109,H
Atlanta Hawks,117,Oklahoma City Thunder,120,H
New Orleans Pelicans,111,Orlando Magic,97,V
Denver Nuggets,102,Portland Trail Blazers,85,V
Dallas Mavericks,107,Atlanta Hawks,112,H
Chicago Bulls,92,Boston Celtics,117,H
Milwaukee Bucks,106,Charlotte Hornets,111,H
Denver Nuggets,96,Golden State Warriors,81,V
Brooklyn Nets,119,Indiana Pacers,123,H
Portland Trail Blazers,95,Los Angeles Lakers,92,V
Los Angeles Clippers,112,Memphis Grizzlies,115,H
New Orleans Pelicans,109,Miami Heat,94,V
Minnesota Timberwolves,115,Phoenix Suns,106,V
San Antonio Spurs,108,Sacramento Kings,99,V
Philadelphia 76ers,86,Toronto Raptors,102,H
Oklahoma City Thunder,103,Utah Jazz,89,V
Orlando Magic,103,Washington Wizards,130,H
Washington Wizards,111,Boston Celtics,103,V
Cleveland Cavaliers,92,Golden State Warriors,99,H
Minnesota Timberwolves,121,Los Angeles Lakers,104,V
Philadelphia 76ers,105,New York Knicks,98,V
Houston Rockets,107,Oklahoma City Thunder,112,H
Toronto Raptors,93,Dallas Mavericks,98,H
Utah Jazz,83,Denver Nuggets,107,H
Indiana Pacers,83,Detroit Pistons,107,H
Sacramento Kings,95,Los Angeles Clippers,122,H
Orlando Magic,89,Miami Heat,107,H
Chicago Bulls,115,Milwaukee Bucks,106,V
Memphis Grizzlies,97,Phoenix Suns,99,H
Brooklyn Nets,97,San Antonio Spurs,109,H
Washington Wizards,99,Atlanta Hawks,113,H
New York Knicks,87,Chicago Bulls,92,H
Boston Celtics,102,Charlotte Hornets,91,V
Utah Jazz,101,Golden State Warriors,126,H
Dallas Mavericks,98,Indiana Pacers,94,V
Memphis Grizzlies,109,Los Angeles Lakers,99,V
Denver Nuggets,125,Minnesota Timberwolves,128,H
Brooklyn Nets,113,New Orleans Pelicans,128,H
Toronto Raptors,107,Oklahoma City Thunder,124,H
Cleveland Cavaliers,95,Sacramento Kings,109,H
Houston Rockets,98,Boston Celtics,99,H
Minnesota Timberwolves,96,Milwaukee Bucks,102,H
Detroit Pistons,89,Orlando Magic,102,H
Philadelphia 76ers,110,Portland Trail Blazers,114,H
New York Knicks,107,San Antonio Spurs,119,H
Indiana Pacers,107,Chicago Bulls,119,H
Charlotte Hornets,111,Golden State Warriors,100,V
Los Angeles Clippers,121,Los Angeles Lakers,106,V
Brooklyn Nets,111,Miami Heat,87,V
Dallas Mavericks,128,New Orleans Pelicans,120,V
Milwaukee Bucks,97,Oklahoma City Thunder,95,V
Phoenix Suns,111,Sacramento Kings,101,V
Atlanta Hawks,98,Toronto Raptors,111,H
Houston Rockets,103,Washington Wizards,121,H
Portland Trail Blazers,89,Atlanta Hawks,104,H
Philadelphia 76ers,107,Denver Nuggets,102,V
San Antonio Spurs,79,Detroit Pistons,93,H
Memphis Grizzlies,128,Golden State Warriors,141,H
New York Knicks,105,New Orleans Pelicans,103,V
Miami Heat,117,Orlando Magic,111,V
Cleveland Cavaliers,101,Utah Jazz,104,H
Brooklyn Nets,105,Boston Celtics,108,H
Los Angeles Lakers,142,Houston Rockets,148,H
Minnesota Timberwolves,107,Indiana Pacers,90,V
Charlotte Hornets,98,Los Angeles Clippers,106,H
Dallas Mavericks,116,Oklahoma City Thunder,113,V
Philadelphia 76ers,123,Phoenix Suns,110,V
Memphis Grizzlies,114,Sacramento Kings,96,V
Chicago Bulls,110,Washington Wizards,114,H
Orlando Magic,95,Brooklyn Nets,98,H
Portland Trail Blazers,124,Chicago Bulls,120,V
Los Angeles Lakers,96,Minnesota Timberwolves,114,H
Milwaukee Bucks,127,Toronto Raptors,131,H
Portland Trail Blazers,110,Cleveland Cavaliers,127,H
Memphis Grizzlies,105,Los Angeles Clippers,113,H
San Antonio Spurs,100,New York Knicks,91,V
Atlanta Hawks,103,Phoenix Suns,104,H
Charlotte Hornets,131,Sacramento Kings,111,V
Cleveland Cavaliers,88,Boston Celtics,102,H
Minnesota Timberwolves,97,Brooklyn Nets,98,H
Toronto Raptors,124,Chicago Bulls,115,V
Golden State Warriors,125,Dallas Mavericks,122,V
Phoenix Suns,111,Denver Nuggets,134,H
Oklahoma City Thunder,133,Los Angeles Lakers,96,V
Detroit Pistons,104,Miami Heat,111,H
Indiana Pacers,101,Milwaukee Bucks,122,H
Houston Rockets,116,Orlando Magic,98,V
San Antonio Spurs,106,Philadelphia 76ers,112,H
New Orleans Pelicans,108,Utah Jazz,98,V
New York Knicks,103,Washington Wizards,121,H
Golden State Warriors,124,Houston Rockets,114,V
Oklahoma City Thunder,127,Los Angeles Clippers,117,V
Minnesota Timberwolves,84,Boston Celtics,91,H
Chicago Bulls,127,Dallas Mavericks,124,V
Utah Jazz,91,Denver Nuggets,99,H
Charlotte Hornets,108,Los Angeles Lakers,94,V
Washington Wizards,102,Memphis Grizzlies,100,V
New York Knicks,103,Miami Heat,107,H
Toronto Raptors,129,Milwaukee Bucks,110,V
Detroit Pistons,78,Philadelphia 76ers,114,H
Atlanta Hawks,89,Portland Trail Blazers,110,H
Phoenix Suns,89,San Antonio Spurs,103,H
Boston Celtics,87,Brooklyn Nets,85,V
Houston Rockets,101,Detroit Pistons,108,H
Chicago Bulls,86,Indiana Pacers,125,H
Golden State Warriors,121,Los Angeles Clippers,105,V
New Orleans Pelicans,98,Minnesota Timberwolves,116,H
Cleveland Cavaliers,131,Orlando Magic,127,V
Denver Nuggets,98,Sacramento Kings,106,H
Milwaukee Bucks,110,Washington Wizards,103,V
New York Knicks,100,Dallas Mavericks,96,V
Atlanta Hawks,113,Los Angeles Lakers,132,H
Utah Jazz,102,Miami Heat,103,H
Oklahoma City Thunder,100,Phoenix Suns,114,H
San Antonio Spurs,110,Portland Trail Blazers,111,H
Toronto Raptors,114,Brooklyn Nets,113,V
Houston Rockets,116,Chicago Bulls,107,V
Denver Nuggets,114,Golden State Warriors,124,H
Milwaukee Bucks,96,Indiana Pacers,109,H
Atlanta Hawks,107,Los Angeles Clippers,108,H
Cleveland Cavaliers,99,Minnesota Timberwolves,127,H
Detroit Pistons,109,New Orleans Pelicans,112,H
San Antonio Spurs,107,Sacramento Kings,100,V
Orlando Magic,99,Dallas Mavericks,114,H
Sacramento Kings,86,Los Angeles Lakers,99,H
Portland Trail Blazers,117,Oklahoma City Thunder,106,V
Miami Heat,90,Toronto Raptors,89,V
Detroit Pistons,114,Brooklyn Nets,80,V
Dallas Mavericks,115,Charlotte Hornets,111,V
Atlanta Hawks,110,Denver Nuggets,97,V
Los Angeles Clippers,125,Golden State Warriors,106,V
Portland Trail Blazers,112,Houston Rockets,121,H
Miami Heat,114,Indiana Pacers,106,V
New Orleans Pelicans,102,Memphis Grizzlies,105,H
Orlando Magic,103,Milwaukee Bucks,110,H
Oklahoma City Thunder,88,Minnesota Timberwolves,104,H
Chicago Bulls,122,New York Knicks,119,V
Utah Jazz,107,Washington Wizards,104,V
San Antonio Spurs,81,Los Angeles Lakers,93,H
Boston Celtics,114,Philadelphia 76ers,103,V
Los Angeles Clippers,121,Sacramento Kings,115,V
Cleveland Cavaliers,99,Toronto Raptors,133,H
Brooklyn Nets,110,Atlanta Hawks,105,V
Utah Jazz,88,Charlotte Hornets,99,H
Memphis Grizzlies,78,Denver Nuggets,87,H
Cleveland Cavaliers,95,Indiana Pacers,97,H
Golden State Warriors,108,Milwaukee Bucks,94,V
New York Knicks,108,Minnesota Timberwolves,118,H
Portland Trail Blazers,113,New Orleans Pelicans,119,H
Houston Rockets,112,Phoenix Suns,95,V
Orlando Magic,119,Washington Wizards,125,H
Detroit Pistons,105,Chicago Bulls,107,H
Oklahoma City Thunder,101,Charlotte Hornets,91,V
Los Angeles Lakers,107,Dallas Mavericks,101,V
Sacramento Kings,105,Los Angeles Clippers,126,H
Denver Nuggets,80,San Antonio Spurs,112,H
Golden State Warriors,127,Toronto Raptors,125,V
Brooklyn Nets,113,Washington Wizards,119,H
Milwaukee Bucks,79,Miami Heat,97,H
Portland Trail Blazers,103,Minnesota Timberwolves,120,H
New Orleans Pelicans,123,New York Knicks,118,V
Indiana Pacers,120,Phoenix Suns,97,V
San Antonio Spurs,99,Atlanta Hawks,102,H
New York Knicks,119,Brooklyn Nets,104,V
Miami Heat,111,Chicago Bulls,119,H
Golden State Warriors,118,Cleveland Cavaliers,108,V
Charlotte Hornets,118,Detroit Pistons,107,V
Houston Rockets,102,Los Angeles Clippers,113,H
Los Angeles Lakers,114,Memphis Grizzlies,123,H
Sacramento Kings,88,Oklahoma City Thunder,95,H
Toronto Raptors,111,Philadelphia 76ers,117,H
Indiana Pacers,109,Utah Jazz,94,V
Milwaukee Bucks,104,Washington Wizards,95,V
New Orleans Pelicans,116,Boston Celtics,113,V
Dallas Mavericks,102,Denver Nuggets,105,H
Minnesota Timberwolves,102,Orlando Magic,108,H
Phoenix Suns,111,Portland Trail Blazers,118,H
New Orleans Pelicans,93,Atlanta Hawks,94,H
San Antonio Spurs,100,Brooklyn Nets,95,V
Golden State Warriors,119,Chicago Bulls,112,V
Washington Wizards,109,Charlotte Hornets,133,H
Denver Nuggets,104,Los Angeles Clippers,109,H
New York Knicks,99,Memphis Grizzlies,105,H
Miami Heat,106,Milwaukee Bucks,101,V
Los Angeles Lakers,90,Oklahoma City Thunder,114,H
Utah Jazz,120,Sacramento Kings,105,V
Detroit Pistons,91,Toronto Raptors,96,H
Philadelphia 76ers,89,Boston Celtics,80,V
Orlando Magic,103,Cleveland Cavaliers,104,H
Minnesota Timberwolves,98,Houston Rockets,116,H
Indiana Pacers,86,Portland Trail Blazers,100,H
Miami Heat,95,Brooklyn Nets,101,H
Phoenix Suns,108,Denver Nuggets,100,V
Washington Wizards,122,Detroit Pistons,112,V
Indiana Pacers,86,Los Angeles Lakers,99,H
Sacramento Kings,88,Memphis Grizzlies,106,H
San Antonio Spurs,83,Toronto Raptors,86,H
New York Knicks,117,Utah Jazz,115,V
Chicago Bulls,113,Atlanta Hawks,97,V
Miami Heat,106,Charlotte Hornets,105,V
Oklahoma City Thunder,148,Cleveland Cavaliers,124,V
Golden State Warriors,108,Houston Rockets,116,H
Toronto Raptors,109,Minnesota Timberwolves,115,H
Memphis Grizzlies,104,New Orleans Pelicans,111,H
Milwaukee Bucks,94,Philadelphia 76ers,116,H
Dallas Mavericks,108,Portland Trail Blazers,117,H
Los Angeles Clippers,113,Utah Jazz,125,H
Orlando Magic,103,Boston Celtics,95,V
Brooklyn Nets,101,Detroit Pistons,100,V
New York Knicks,107,Los Angeles Lakers,127,H
Indiana Pacers,94,San Antonio Spurs,86,V
Utah Jazz,90,Atlanta Hawks,104,H
Sacramento Kings,107,Charlotte Hornets,112,H
Washington Wizards,75,Dallas Mavericks,98,H
Portland Trail Blazers,101,Denver Nuggets,104,H
Miami Heat,90,Houston Rockets,99,H
Minnesota Timberwolves,126,Los Angeles Clippers,118,V
Philadelphia 76ers,101,Memphis Grizzlies,105,H
Phoenix Suns,105,Milwaukee Bucks,109,H
Chicago Bulls,128,New Orleans Pelicans,132,H
New York Knicks,112,Golden State Warriors,123,H
Boston Celtics,107,Los Angeles Lakers,108,H
Brooklyn Nets,108,Oklahoma City Thunder,109,H
Sacramento Kings,105,Orlando Magic,99,V
Cleveland Cavaliers,102,San Antonio Spurs,114,H
Toronto Raptors,108,Atlanta Hawks,93,V
New Orleans Pelicans,101,Charlotte Hornets,96,V
Houston Rockets,104,Dallas Mavericks,97,V
Utah Jazz,98,Detroit Pistons,95,V
Phoenix Suns,101,Indiana Pacers,116,H
Boston Celtics,113,Los Angeles Clippers,102,V
San Antonio Spurs,108,Memphis Grizzlies,85,V
Chicago Bulls,101,Philadelphia 76ers,115,H
Minnesota Timberwolves,114,Portland Trail Blazers,123,H
New York Knicks,118,Denver Nuggets,130,H
Minnesota Timberwolves,113,Golden State Warriors,126,H
Sacramento Kings,89,Miami Heat,88,V
Washington Wizards,112,Oklahoma City Thunder,121,H
Los Angeles Lakers,108,Chicago Bulls,103,V
Atlanta Hawks,110,Charlotte Hornets,121,H
Indiana Pacers,108,Cleveland Cavaliers,115,H
Portland Trail Blazers,107,Dallas Mavericks,93,V
Los Angeles Clippers,109,Memphis Grizzlies,100,V
Brooklyn Nets,91,Milwaukee Bucks,116,H
Houston Rockets,113,New Orleans Pelicans,115,H
New York Knicks,107,Phoenix Suns,85,V
Philadelphia 76ers,97,San Antonio Spurs,78,V
Utah Jazz,97,Toronto Raptors,93,V
Washington Wizards,129,Atlanta Hawks,104,V
Dallas Mavericks,89,Denver Nuggets,91,H
Oklahoma City Thunder,121,Detroit Pistons,108,V
Boston Celtics,105,Golden State Warriors,109,H
Orlando Magic,112,Indiana Pacers,114,H
Charlotte Hornets,91,Miami Heat,95,H
Brooklyn Nets,97,Minnesota Timberwolves,111,H
Milwaukee Bucks,110,Chicago Bulls,96,V
Detroit Pistons,104,Cleveland Cavaliers,121,H
Phoenix Suns,102,Houston Rockets,113,H
Los Angeles Clippers,112,New Orleans Pelicans,103,V
Philadelphia 76ers,112,Oklahoma City Thunder,122,H
Sacramento Kings,98,San Antonio Spurs,113,H
Los Angeles Lakers,111,Toronto Raptors,123,H
Minnesota Timberwolves,100,Atlanta Hawks,105,H
Miami Heat,95,Dallas Mavericks,88,V
Boston Celtics,111,Denver Nuggets,110,V
Charlotte Hornets,96,Indiana Pacers,105,H
Phoenix Suns,109,Memphis Grizzlies,120,H
Philadelphia 76ers,95,Milwaukee Bucks,107,H
Cleveland Cavaliers,114,Detroit Pistons,125,H
Orlando Magic,107,Houston Rockets,114,H
Portland Trail Blazers,104,Los Angeles Clippers,96,V
Sacramento Kings,114,New Orleans Pelicans,103,V
Brooklyn Nets,95,New York Knicks,111,H
Denver Nuggets,104,San Antonio Spurs,106,H
Minnesota Timberwolves,104,Toronto Raptors,109,H
Golden State Warriors,99,Utah Jazz,129,H
Oklahoma City Thunder,96,Washington Wizards,102,H
Charlotte Hornets,123,Atlanta Hawks,110,V
New York Knicks,73,Boston Celtics,103,H
Philadelphia 76ers,108,Brooklyn Nets,116,H
Miami Heat,89,Cleveland Cavaliers,91,H
Memphis Grizzlies,101,Indiana Pacers,105,H
Los Angeles Lakers,105,Orlando Magic,127,H
Dallas Mavericks,88,Phoenix Suns,102,H
Chicago Bulls,108,Portland Trail Blazers,124,H
Oklahoma City Thunder,124,Denver Nuggets,127,H
Memphis Grizzlies,102,Detroit Pistons,104,H
Milwaukee Bucks,89,Minnesota Timberwolves,108,H
Houston Rockets,102,San Antonio Spurs,91,V
Toronto Raptors,119,Washington Wizards,122,H
Atlanta Hawks,110,Boston Celtics,119,H
Los Angeles Lakers,102,Brooklyn Nets,99,V
Indiana Pacers,126,Charlotte Hornets,133,H
New York Knicks,90,Milwaukee Bucks,92,H
New Orleans Pelicans,114,Oklahoma City Thunder,100,V
Miami Heat,97,Philadelphia 76ers,103,H
Utah Jazz,129,Phoenix Suns,97,V
Golden State Warriors,119,Sacramento Kings,104,V
Portland Trail Blazers,105,Toronto Raptors,130,H
Houston Rockets,120,Cleveland Cavaliers,88,V
Golden State Warriors,108,Denver Nuggets,115,H
Miami Heat,107,Detroit Pistons,111,H
Philadelphia 76ers,92,Indiana Pacers,100,H
Chicago Bulls,103,Los Angeles Clippers,113,H
New Orleans Pelicans,107,Minnesota Timberwolves,118,H
Washington Wizards,115,Orlando Magic,98,V
Dallas Mavericks,106,Sacramento Kings,99,V
Utah Jazz,120,San Antonio Spurs,111,V
Portland Trail Blazers,96,Boston Celtics,97,H
Milwaukee Bucks,109,Brooklyn Nets,94,V
Atlanta Hawks,99,New York Knicks,96,V
Los Angeles Lakers,108,Oklahoma City Thunder,104,V
Charlotte Hornets,115,Phoenix Suns,110,V
Memphis Grizzlies,86,Toronto Raptors,101,H
Charlotte Hornets,104,Denver Nuggets,121,H
Portland Trail Blazers,91,Detroit Pistons,111,H
Washington Wizards,111,Indiana Pacers,102,V
Dallas Mavericks,101,Los Angeles Clippers,104,H
Orlando Magic,111,Miami Heat,109,V
Utah Jazz,133,New Orleans Pelicans,109,V
Chicago Bulls,98,Sacramento Kings,104,H
Memphis Grizzlies,82,Atlanta Hawks,108,H
Houston Rockets,123,Brooklyn Nets,113,V
Oklahoma City Thunder,125,Golden State Warriors,105,V
Phoenix Suns,93,Los Angeles Lakers,112,H
Milwaukee Bucks,103,New York Knicks,89,V
Cleveland Cavaliers,98,Orlando Magic,116,H
Washington Wizards,102,Philadelphia 76ers,115,H
Boston Celtics,91,Toronto Raptors,111,H
Minnesota Timberwolves,138,Cleveland Cavaliers,140,H
Brooklyn Nets,106,Detroit Pistons,115,H
Utah Jazz,92,Memphis Grizzlies,88,V
Houston Rockets,109,Miami Heat,101,V
San Antonio Spurs,129,Phoenix Suns,81,V
Dallas Mavericks,103,Golden State Warriors,121,H
Oklahoma City Thunder,81,Los Angeles Lakers,106,H
Atlanta Hawks,98,Orlando Magic,100,H
Charlotte Hornets,103,Portland Trail Blazers,109,H
New York Knicks,88,Toronto Raptors,113,H
Boston Celtics,110,Washington Wizards,104,V
Cleveland Cavaliers,123,Atlanta Hawks,107,V
Indiana Pacers,97,Boston Celtics,91,V
Minnesota Timberwolves,113,Chicago Bulls,114,H
Los Angeles Clippers,108,Detroit Pistons,95,V
Denver Nuggets,104,Houston Rockets,130,H
Milwaukee Bucks,85,Miami Heat,91,H
New Orleans Pelicans,82,Philadelphia 76ers,100,H
Portland Trail Blazers,118,Sacramento Kings,100,V
Charlotte Hornets,94,Utah Jazz,106,H
New Orleans Pelicans,138,Brooklyn Nets,128,V
Washington Wizards,101,Chicago Bulls,90,V
Los Angeles Lakers,123,Dallas Mavericks,130,H
San Antonio Spurs,105,Golden State Warriors,122,H
Milwaukee Bucks,111,Orlando Magic,104,V
Los Angeles Clippers,98,Philadelphia 76ers,112,H
Denver Nuggets,123,Phoenix Suns,113,V
Detroit Pistons,115,Atlanta Hawks,118,H
Cleveland Cavaliers,121,Boston Celtics,99,V
Toronto Raptors,123,Charlotte Hornets,103,V
Dallas Mavericks,97,Houston Rockets,104,H
New York Knicks,113,Indiana Pacers,121,H
Sacramento Kings,106,Minnesota Timberwolves,111,H
Memphis Grizzlies,92,Oklahoma City Thunder,110,H
Utah Jazz,115,Portland Trail Blazers,96,V
Los Angeles Clippers,114,Brooklyn Nets,101,V
Orlando Magic,101,Chicago Bulls,105,H
New Orleans Pelicans,118,Detroit Pistons,103,V
Phoenix Suns,83,Golden State Warriors,129,H
New York Knicks,92,Philadelphia 76ers,108,H
San Antonio Spurs,99,Utah Jazz,101,H
Sacramento Kings,114,Dallas Mavericks,109,V
San Antonio Spurs,109,Denver Nuggets,117,H
Atlanta Hawks,92,Milwaukee Bucks,97,H
Houston Rockets,126,Minnesota Timberwolves,108,V
Cleveland Cavaliers,120,Oklahoma City Thunder,112,V
Miami Heat,112,Toronto Raptors,115,H
Los Angeles Clippers,129,Boston Celtics,119,V
Indiana Pacers,108,Brooklyn Nets,103,V
Toronto Raptors,122,Chicago Bulls,98,V
Atlanta Hawks,98,Detroit Pistons,104,H
Sacramento Kings,91,Houston Rockets,100,H
Oklahoma City Thunder,121,Memphis Grizzlies,114,V
Los Angeles Lakers,117,New Orleans Pelicans,139,H
Washington Wizards,118,New York Knicks,113,V
Charlotte Hornets,104,Orlando Magic,102,V
Miami Heat,102,Philadelphia 76ers,104,H
Golden State Warriors,117,Portland Trail Blazers,123,H
Phoenix Suns,97,Utah Jazz,107,H
Denver Nuggets,134,Milwaukee Bucks,123,V
Los Angeles Lakers,111,Minnesota Timberwolves,119,H
Philadelphia 76ers,116,Chicago Bulls,115,V
Brooklyn Nets,96,Charlotte Hornets,111,H
Washington Wizards,110,Cleveland Cavaliers,103,V
Los Angeles Clippers,127,Golden State Warriors,134,H
New York Knicks,120,Orlando Magic,113,V
Oklahoma City Thunder,110,Sacramento Kings,107,V
San Antonio Spurs,119,Denver Nuggets,122,H
Boston Celtics,110,Detroit Pistons,98,V
Minnesota Timberwolves,102,Houston Rockets,120,H
Atlanta Hawks,93,Indiana Pacers,116,H
Dallas Mavericks,102,Los Angeles Lakers,124,H
Cleveland Cavaliers,112,Memphis Grizzlies,89,V
Miami Heat,123,New Orleans Pelicans,124,H
Los Angeles Clippers,128,Phoenix Suns,117,V
Milwaukee Bucks,122,Toronto Raptors,119,V
Portland Trail Blazers,100,Utah Jazz,81,V
Charlotte Hornets,122,Washington Wizards,105,V
Oklahoma City Thunder,80,Golden State Warriors,112,H
Memphis Grizzlies,89,Miami Heat,115,H
Chicago Bulls,104,Minnesota Timberwolves,122,H
Boston Celtics,121,New York Knicks,112,V
Orlando Magic,105,Philadelphia 76ers,116,H
Portland Trail Blazers,106,Phoenix Suns,104,V
Los Angeles Lakers,113,Sacramento Kings,108,V
Dallas Mavericks,90,Utah Jazz,97,H
Detroit Pistons,98,Charlotte Hornets,114,H
San Antonio Spurs,110,Cleveland Cavaliers,94,V
Houston Rockets,119,Denver Nuggets,114,V
New Orleans Pelicans,123,Milwaukee Bucks,121,V
Philadelphia 76ers,94,Washington Wizards,109,H
Los Angeles Lakers,123,Atlanta Hawks,104,V
Memphis Grizzlies,98,Boston Celtics,109,H
Chicago Bulls,87,Brooklyn Nets,104,H
Indiana Pacers,103,Dallas Mavericks,109,H
Phoenix Suns,116,New Orleans Pelicans,125,H
Golden State Warriors,125,New York Knicks,111,V
Orlando Magic,105,Oklahoma City Thunder,112,H
Minnesota Timberwolves,118,Sacramento Kings,100,V
Detroit Pistons,94,Toronto Raptors,123,H
Houston Rockets,96,Utah Jazz,85,V
Chicago Bulls,103,Charlotte Hornets,118,H
Brooklyn Nets,123,Cleveland Cavaliers,129,H
Los Angeles Clippers,122,Denver Nuggets,120,V
Philadelphia 76ers,101,Miami Heat,102,H
Washington Wizards,107,Milwaukee Bucks,104,V
Sacramento Kings,99,Portland Trail Blazers,116,H
Indiana Pacers,102,Atlanta Hawks,107,H
Charlotte Hornets,106,Boston Celtics,134,H
Oklahoma City Thunder,111,Dallas Mavericks,110,V
Milwaukee Bucks,87,Detroit Pistons,110,H
Houston Rockets,105,Los Angeles Clippers,92,V
Phoenix Suns,110,Memphis Grizzlies,102,V
Toronto Raptors,117,Orlando Magic,104,V
New Orleans Pelicans,121,San Antonio Spurs,116,V
Golden State Warriors,109,Washington Wizards,101,V
Philadelphia 76ers,108,Cleveland Cavaliers,97,V
Los Angeles Lakers,131,Miami Heat,113,V
Minnesota Timberwolves,99,Portland Trail Blazers,108,H
Brooklyn Nets,111,Sacramento Kings,116,H
Golden State Warriors,114,Atlanta Hawks,109,V
Dallas Mavericks,100,Chicago Bulls,108,H
New York Knicks,105,Los Angeles Clippers,128,H
Denver Nuggets,108,Memphis Grizzlies,102,V
Indiana Pacers,103,Milwaukee Bucks,96,V
Detroit Pistons,106,Orlando Magic,115,H
Charlotte Hornets,99,Philadelphia 76ers,110,H
Oklahoma City Thunder,124,Phoenix Suns,116,V
Minnesota Timberwolves,108,Utah Jazz,116,H
Toronto Raptors,102,Washington Wizards,95,V
Denver Nuggets,126,Cleveland Cavaliers,117,V
Boston Celtics,120,Houston Rockets,123,H
Detroit Pistons,96,Miami Heat,105,H
Memphis Grizzlies,100,Orlando Magic,107,H
Oklahoma City Thunder,100,Portland Trail Blazers,108,H
Utah Jazz,98,Sacramento Kings,91,V
Los Angeles Lakers,116,San Antonio Spurs,112,V
Phoenix Suns,112,Atlanta Hawks,113,H
New Orleans Pelicans,126,Dallas Mavericks,109,V
Brooklyn Nets,120,Los Angeles Clippers,123,H
Philadelphia 76ers,110,Milwaukee Bucks,118,H
New York Knicks,99,Sacramento Kings,102,H
Charlotte Hornets,98,Toronto Raptors,103,H
Indiana Pacers,98,Washington Wizards,95,V
Boston Celtics,105,Chicago Bulls,89,V
Detroit Pistons,90,Cleveland Cavaliers,112,H
Milwaukee Bucks,89,Indiana Pacers,92,H
Portland Trail Blazers,108,Los Angeles Lakers,103,V
Phoenix Suns,103,Miami Heat,125,H
Memphis Grizzlies,98,San Antonio Spurs,100,H
Orlando Magic,80,Utah Jazz,94,H
Philadelphia 76ers,128,Charlotte Hornets,114,V
Denver Nuggets,107,Dallas Mavericks,118,H
Brooklyn Nets,101,Golden State Warriors,114,H
New Orleans Pelicans,121,Los Angeles Clippers,116,V
Houston Rockets,122,Oklahoma City Thunder,112,V
New York Knicks,87,Portland Trail Blazers,111,H
Atlanta Hawks,90,Toronto Raptors,106,H
Miami Heat,113,Washington Wizards,117,H
Memphis Grizzlies,110,Chicago Bulls,119,H
Cleveland Cavaliers,113,Denver Nuggets,108,V
Toronto Raptors,121,Detroit Pistons,119,V
Utah Jazz,104,Indiana Pacers,84,V
Orlando Magic,107,Los Angeles Lakers,108,H
Houston Rockets,110,Milwaukee Bucks,99,V
New Orleans Pelicans,114,Sacramento Kings,101,V
Brooklyn Nets,125,Charlotte Hornets,111,V
San Antonio Spurs,107,Golden State Warriors,110,H
Philadelphia 76ers,99,Miami Heat,108,H
Boston Celtics,117,Minnesota Timberwolves,109,V
Phoenix Suns,87,Oklahoma City Thunder,115,H
Los Angeles Lakers,116,Denver Nuggets,125,H
Chicago Bulls,83,Detroit Pistons,99,H
Atlanta Hawks,87,Indiana Pacers,112,H
Cleveland Cavaliers,102,Los Angeles Clippers,116,H
Utah Jazz,95,Memphis Grizzlies,78,V
New York Knicks,112,Milwaukee Bucks,120,H
Washington Wizards,116,New Orleans Pelicans,97,V
Golden State Warriors,108,Portland Trail Blazers,125,H
Orlando Magic,88,Sacramento Kings,94,H
Houston Rockets,105,Toronto Raptors,108,H
Phoenix Suns,115,Charlotte Hornets,122,H
Memphis Grizzlies,80,Dallas Mavericks,114,H
Orlando Magic,105,Los Angeles Clippers,113,H
Washington Wizards,102,Miami Heat,129,H
San Antonio Spurs,94,Oklahoma City Thunder,104,H
Chicago Bulls,129,Atlanta Hawks,122,V
Indiana Pacers,99,Boston Celtics,97,V
Philadelphia 76ers,120,Brooklyn Nets,97,V
Houston Rockets,105,Dallas Mavericks,82,V
Sacramento Kings,104,Denver Nuggets,130,H
Cleveland Cavaliers,113,Los Angeles Lakers,127,H
Golden State Warriors,103,Minnesota Timberwolves,109,H
Utah Jazz,116,New Orleans Pelicans,99,V
Toronto Raptors,132,New York Knicks,106,V
San Antonio Spurs,93,Houston Rockets,109,H
Milwaukee Bucks,121,Memphis Grizzlies,103,V
Sacramento Kings,101,Oklahoma City Thunder,106,H
Miami Heat,99,Portland Trail Blazers,115,H
Oklahoma City Thunder,119,Atlanta Hawks,107,V
Toronto Raptors,116,Brooklyn Nets,102,V
Los Angeles Clippers,112,Chicago Bulls,106,V
Denver Nuggets,103,Los Angeles Lakers,112,H
Charlotte Hornets,115,New Orleans Pelicans,119,H
Dallas Mavericks,110,New York Knicks,97,V
Indiana Pacers,101,Philadelphia 76ers,98,V
Cleveland Cavaliers,129,Phoenix Suns,107,V
Orlando Magic,72,San Antonio Spurs,108,H
Detroit Pistons,79,Utah Jazz,110,H
Minnesota Timberwolves,116,Washington Wizards,111,V
Washington Wizards,125,Boston Celtics,124,V
Los Angeles Lakers,106,Golden State Warriors,117,H
Milwaukee Bucks,117,Orlando Magic,126,H
Miami Heat,119,Sacramento Kings,123,H
Charlotte Hornets,129,Atlanta Hawks,117,V
Detroit Pistons,113,Denver Nuggets,120,H
Los Angeles Clippers,96,Houston Rockets,101,H
Toronto Raptors,106,Indiana Pacers,99,V
Chicago Bulls,111,Memphis Grizzlies,110,V
Philadelphia 76ers,118,New York Knicks,110,V
Cleveland Cavaliers,105,Portland Trail Blazers,113,H
New Orleans Pelicans,93,San Antonio Spurs,98,H
Phoenix Suns,88,Utah Jazz,116,H
Sacramento Kings,98,Golden State Warriors,93,V
Miami Heat,92,Los Angeles Lakers,91,V
Los Angeles Clippers,113,Oklahoma City Thunder,121,H
Boston Celtics,92,Orlando Magic,83,V
Brooklyn Nets,116,Philadelphia 76ers,120,H
Dallas Mavericks,115,Toronto Raptors,122,H
Dallas Mavericks,106,Brooklyn Nets,114,H
Cleveland Cavaliers,114,Chicago Bulls,109,V
Denver Nuggets,94,Memphis Grizzlies,101,H
Atlanta Hawks,117,Milwaukee Bucks,122,H
Houston Rockets,107,New Orleans Pelicans,101,V
Charlotte Hornets,101,New York Knicks,124,H
Golden State Warriors,124,Phoenix Suns,109,V
Detroit Pistons,87,Portland Trail Blazers,100,H
Minnesota Timberwolves,101,San Antonio Spurs,117,H
Sacramento Kings,97,Utah Jazz,103,H
Indiana Pacers,102,Washington Wizards,109,H
Portland Trail Blazers,122,Los Angeles Clippers,109,V
Houston Rockets,129,Minnesota Timberwolves,120,V
Boston Celtics,89,New Orleans Pelicans,108,H
Oklahoma City Thunder,132,Toronto Raptors,125,V
Memphis Grizzlies,115,Brooklyn Nets,118,H
Milwaukee Bucks,117,Cleveland Cavaliers,124,H
Los Angeles Lakers,100,Indiana Pacers,110,H
Denver Nuggets,141,Miami Heat,149,H
Chicago Bulls,92,New York Knicks,110,H
Charlotte Hornets,94,Philadelphia 76ers,108,H
Detroit Pistons,106,Sacramento Kings,90,V
Golden State Warriors,75,San Antonio Spurs,89,H
Oklahoma City Thunder,99,Boston Celtics,100,H
Los Angeles Clippers,109,Minnesota Timberwolves,123,H
Dallas Mavericks,105,New Orleans Pelicans,115,H
Toronto Raptors,93,Orlando Magic,86,V
Detroit Pistons,115,Phoenix Suns,88,V
Houston Rockets,115,Portland Trail Blazers,111,V
Atlanta Hawks,99,Utah Jazz,94,V
Charlotte Hornets,111,Brooklyn Nets,105,V
Denver Nuggets,135,Chicago Bulls,102,V
Toronto Raptors,129,Cleveland Cavaliers,132,H
New York Knicks,98,Miami Heat,119,H
Los Angeles Clippers,127,Milwaukee Bucks,120,V
Indiana Pacers,92,New Orleans Pelicans,96,H
Memphis Grizzlies,105,Philadelphia 76ers,119,H
Washington Wizards,90,San Antonio Spurs,98,H
Memphis Grizzlies,79,Charlotte Hornets,140,H
Utah Jazz,119,Dallas Mavericks,112,V
Detroit Pistons,96,Houston Rockets,100,H
Los Angeles Lakers,125,New Orleans Pelicans,128,H
Philadelphia 76ers,118,Orlando Magic,98,V
Atlanta Hawks,90,Sacramento Kings,105,H
Milwaukee Bucks,118,Chicago Bulls,105,V
Phoenix Suns,95,Cleveland Cavaliers,120,H
Atlanta Hawks,94,Golden State Warriors,106,H
Los Angeles Clippers,104,Indiana Pacers,109,H
Minnesota Timberwolves,108,New York Knicks,104,V
Miami Heat,99,Oklahoma City Thunder,105,H
Boston Celtics,105,Portland Trail Blazers,100,V
Utah Jazz,120,San Antonio Spurs,124,H
Brooklyn Nets,112,Toronto Raptors,116,H
Denver Nuggets,108,Washington Wizards,100,V
Charlotte Hornets,102,Dallas Mavericks,98,V
Chicago Bulls,95,Detroit Pistons,117,H
New Orleans Pelicans,91,Houston Rockets,114,H
Los Angeles Lakers,100,Memphis Grizzlies,93,V
Phoenix Suns,99,Orlando Magic,105,H
Minnesota Timberwolves,108,Philadelphia 76ers,120,H
Cleveland Cavaliers,121,Brooklyn Nets,114,V
Utah Jazz,110,Golden State Warriors,91,V
Atlanta Hawks,99,Houston Rockets,118,H
Miami Heat,107,Indiana Pacers,113,H
San Antonio Spurs,103,Milwaukee Bucks,106,H
Portland Trail Blazers,108,Oklahoma City Thunder,105,V
Boston Celtics,104,Sacramento Kings,93,V
Los Angeles Clippers,117,Toronto Raptors,106,V
New York Knicks,101,Washington Wizards,97,V
New York Knicks,128,Charlotte Hornets,137,H
Los Angeles Lakers,106,Detroit Pistons,112,H
Memphis Grizzlies,101,Minnesota Timberwolves,93,V
Denver Nuggets,104,Philadelphia 76ers,123,H
Boston Celtics,102,Phoenix Suns,94,V
Indiana Pacers,92,Golden State Warriors,81,V
Chicago Bulls,86,Houston Rockets,118,H
Milwaukee Bucks,98,Los Angeles Clippers,105,H
Cleveland Cavaliers,79,Miami Heat,98,H
Portland Trail Blazers,107,New Orleans Pelicans,103,V
Dallas Mavericks,103,Sacramento Kings,97,V
Denver Nuggets,110,Toronto Raptors,114,H
San Antonio Spurs,106,Washington Wizards,116,H
Cleveland Cavaliers,118,Charlotte Hornets,105,V
Dallas Mavericks,93,Los Angeles Lakers,103,H
Portland Trail Blazers,103,Memphis Grizzlies,108,H
Atlanta Hawks,114,Minnesota Timberwolves,126,H
Brooklyn Nets,111,Orlando Magic,104,V
New York Knicks,101,Philadelphia 76ers,118,H
Los Angeles Clippers,111,Phoenix Suns,99,V
Boston Celtics,97,Utah Jazz,94,V
Washington Wizards,92,Detroit Pistons,103,H
Milwaukee Bucks,116,Golden State Warriors,107,V
Chicago Bulls,92,Miami Heat,103,H
Indiana Pacers,106,Sacramento Kings,103,V
Oklahoma City Thunder,99,San Antonio Spurs,103,H
Philadelphia 76ers,101,Atlanta Hawks,91,V
New Orleans Pelicans,102,Cleveland Cavaliers,107,H
Minnesota Timberwolves,93,Dallas Mavericks,92,V
Phoenix Suns,103,Houston Rockets,104,H
Milwaukee Bucks,124,Los Angeles Lakers,122,V
Denver Nuggets,126,Oklahoma City Thunder,125,V
Chicago Bulls,90,Orlando Magic,82,V
Los Angeles Clippers,96,Portland Trail Blazers,105,H
Memphis Grizzlies,97,Utah Jazz,107,H
Toronto Raptors,99,Boston Celtics,110,H
Brooklyn Nets,110,Miami Heat,109,V
Detroit Pistons,115,New York Knicks,109,V
Golden State Warriors,112,Sacramento Kings,96,V
Charlotte Hornets,93,Washington Wizards,107,H
Orlando Magic,88,Atlanta Hawks,94,H
Detroit Pistons,108,Brooklyn Nets,96,V
Washington Wizards,94,Chicago Bulls,113,H
Philadelphia 76ers,119,Charlotte Hornets,102,V
Dallas Mavericks,87,Cleveland Cavaliers,98,H
Milwaukee Bucks,125,Denver Nuggets,128,H
Phoenix Suns,107,Golden State Warriors,117,H
Indiana Pacers,111,Los Angeles Clippers,104,V
Sacramento Kings,84,Los Angeles Lakers,83,V
Utah Jazz,121,Minnesota Timberwolves,97,V
Oklahoma City Thunder,109,New Orleans Pelicans,104,V
Memphis Grizzlies,98,Portland Trail Blazers,113,H
Houston Rockets,83,San Antonio Spurs,100,H
Charlotte Hornets,114,Chicago Bulls,120,H
Toronto Raptors,106,Cleveland Cavaliers,112,H
Portland Trail Blazers,109,Dallas Mavericks,115,H
Indiana Pacers,104,Denver Nuggets,107,H
Washington Wizards,104,Houston Rockets,120,H
San Antonio Spurs,110,Los Angeles Clippers,113,H
Atlanta Hawks,98,Miami Heat,101,H
Boston Celtics,102,Milwaukee Bucks,106,H
Orlando Magic,97,New York Knicks,73,V
Golden State Warriors,111,Oklahoma City Thunder,107,V
Brooklyn Nets,95,Philadelphia 76ers,121,H
Sacramento Kings,94,Phoenix Suns,97,H
Los Angeles Lakers,110,Utah Jazz,117,H
Miami Heat,115,Atlanta Hawks,86,V
Philadelphia 76ers,115,Detroit Pistons,108,V
San Antonio Spurs,112,Los Angeles Lakers,122,H
Memphis Grizzlies,95,New Orleans Pelicans,123,H
Dallas Mavericks,100,Orlando Magic,105,H
Boston Celtics,78,Toronto Raptors,96,H
Washington Wizards,115,Cleveland Cavaliers,119,H
Minnesota Timberwolves,96,Denver Nuggets,100,H
Portland Trail Blazers,94,Houston Rockets,96,H
Golden State Warriors,106,Indiana Pacers,126,H
Brooklyn Nets,119,Milwaukee Bucks,111,V
Los Angeles Clippers,95,Utah Jazz,117,H
Chicago Bulls,104,Boston Celtics,111,H
Dallas Mavericks,106,Detroit Pistons,113,H
Minnesota Timberwolves,113,Los Angeles Lakers,96,V
Sacramento Kings,94,Memphis Grizzlies,93,V
Miami Heat,98,New York Knicks,122,H
Charlotte Hornets,137,Orlando Magic,100,V
Cleveland Cavaliers,130,Philadelphia 76ers,132,H
New Orleans Pelicans,122,Phoenix Suns,103,V
Indiana Pacers,73,Toronto Raptors,92,H
Atlanta Hawks,103,Washington Wizards,97,V
Brooklyn Nets,124,Chicago Bulls,96,V
New Orleans Pelicans,126,Golden State Warriors,120,V
Oklahoma City Thunder,108,Houston Rockets,102,V
Denver Nuggets,134,Los Angeles Clippers,115,V
Milwaukee Bucks,115,New York Knicks,102,V
Portland Trail Blazers,105,San Antonio Spurs,116,H
Atlanta Hawks,112,Boston Celtics,106,V
Indiana Pacers,123,Charlotte Hornets,117,V
Utah Jazz,112,Los Angeles Lakers,97,V
Detroit Pistons,117,Memphis Grizzlies,130,H
Dallas Mavericks,97,Philadelphia 76ers,109,H
Golden State Warriors,117,Phoenix Suns,100,V
Orlando Magic,101,Toronto Raptors,112,H
Chicago Bulls,105,Brooklyn Nets,114,H
Portland Trail Blazers,82,Denver Nuggets,88,H
Toronto Raptors,108,Detroit Pistons,98,V
New Orleans Pelicans,113,Los Angeles Clippers,100,V
Oklahoma City Thunder,115,Miami Heat,93,V
Orlando Magic,86,Milwaukee Bucks,102,H
Memphis Grizzlies,94,Minnesota Timberwolves,113,H
Cleveland Cavaliers,123,New York Knicks,109,V
Sacramento Kings,85,San Antonio Spurs,98,H
Philadelphia 76ers,121,Atlanta Hawks,113,V
Phoenix Suns,124,Dallas Mavericks,97,V
Charlotte Hornets,119,Indiana Pacers,93,V
Houston Rockets,105,Los Angeles Lakers,99,V
Golden State Warriors,79,Utah Jazz,119,H
Boston Celtics,101,Washington Wizards,113,H
Brooklyn Nets,97,Boston Celtics,110,H
Detroit Pistons,119,Chicago Bulls,87,V
New York Knicks,110,Cleveland Cavaliers,98,V
Los Angeles Lakers,115,Los Angeles Clippers,100,V
Toronto Raptors,109,Miami Heat,116,H
Denver Nuggets,106,Minnesota Timberwolves,112,H
San Antonio Spurs,98,New Orleans Pelicans,122,H
Memphis Grizzlies,123,Oklahoma City Thunder,137,H
Washington Wizards,92,Orlando Magic,101,H
Milwaukee Bucks,95,Philadelphia 76ers,130,H
Utah Jazz,93,Portland Trail Blazers,102,H
Houston Rockets,83,Sacramento Kings,96,H
